{"stats":{"minecraft:mined":{"minecraft:large_fern":1,"tconstruct:earth_sky_slime_grass":2,"tconstruct:earth_slime_leaves":17,"neapolitan:banana_frond":3,"neapolitan:small_banana_frond":3,"neapolitan:large_banana_frond":5,"minecraft:spruce_leaves":1,"tconstruct:sky_slime_dirt":7},"minecraft:picked_up":{"create:extendo_grip":1,"neapolitan:banana_frond":3,"neapolitan:small_banana_frond":3,"minecraft:slime_ball":1,"create:handheld_worldshaper":1,"minecraft:iron_nugget":64,"tconstruct:sky_slime_dirt":9,"casinocraft:module_card_gray":1,"neapolitan:large_banana_frond":5,"casinocraft:dice_basic_black":1},"minecraft:dropped":{"casinocraft:module_card_gray":1,"minecraft:slime_ball":1,"casinocraft:dice_basic_black":1},"minecraft:used":{"create:handheld_worldshaper":2,"neapolitan:small_banana_frond":3,"neapolitan:large_banana_frond":5,"tconstruct:sky_slime_dirt":7,"neapolitan:banana_frond":3},"minecraft:custom":{"minecraft:time_since_rest":17081,"minecraft:play_one_minute":17081,"minecraft:crouch_one_cm":3953,"minecraft:sprint_one_cm":14423,"minecraft:damage_taken":45,"minecraft:walk_one_cm":14271,"minecraft:sneak_time":1421,"minecraft:walk_under_water_one_cm":3083,"minecraft:drop":3,"minecraft:jump":92,"minecraft:damage_dealt":67,"minecraft:time_since_death":17081,"minecraft:walk_on_water_one_cm":2433,"minecraft:swim_one_cm":22973,"minecraft:fall_one_cm":1939,"minecraft:fly_one_cm":18727}},"DataVersion":2586}