{"stats":{"minecraft:mined":{"minecraft:large_fern":1,"neapolitan:banana_frond":3,"neapolitan:small_banana_frond":3,"neapolitan:large_banana_frond":5,"minecraft:spruce_leaves":1,"tconstruct:sky_slime_dirt":1},"minecraft:picked_up":{"neapolitan:banana_frond":3,"neapolitan:small_banana_frond":3,"tconstruct:sky_slime_dirt":1,"neapolitan:large_banana_frond":5},"minecraft:used":{"neapolitan:small_banana_frond":3,"neapolitan:large_banana_frond":5,"neapolitan:banana_frond":3},"minecraft:custom":{"minecraft:time_since_rest":5081,"minecraft:play_one_minute":5081,"minecraft:crouch_one_cm":626,"minecraft:sprint_one_cm":12072,"minecraft:walk_one_cm":6679,"minecraft:sneak_time":140,"minecraft:walk_under_water_one_cm":2594,"minecraft:jump":69,"minecraft:time_since_death":5081,"minecraft:walk_on_water_one_cm":1908,"minecraft:swim_one_cm":22973,"minecraft:fall_one_cm":1939,"minecraft:fly_one_cm":17352}},"DataVersion":2586}