{"stats":{"minecraft:mined":{"minecraft:large_fern":1,"neapolitan:small_banana_frond":3,"minecraft:fire":4,"tconstruct:earth_sky_slime_grass":3,"tconstruct:greenheart_log":1,"neapolitan:banana_frond":3,"tconstruct:earth_slime_leaves":23,"neapolitan:large_banana_frond":5,"minecraft:spruce_leaves":1,"tconstruct:sky_slime_dirt":7},"minecraft:picked_up":{"neapolitan:small_banana_frond":3,"casinocraft:module_card_black":1,"create:handheld_worldshaper":1,"minecraft:bedrock":64,"tconstruct:sky_slime_dirt":9,"casinocraft:module_card_gray":2,"create:extendo_grip":1,"minecraft:flint_and_steel":1,"neapolitan:banana_frond":3,"minecraft:slime_ball":1,"minecraft:iron_nugget":129,"neapolitan:large_banana_frond":5,"tconstruct:earth_slime_sapling":1,"casinocraft:dice_basic_black":3},"minecraft:dropped":{"tconstruct:sky_slime_dirt":2,"create:handheld_worldshaper":1,"casinocraft:dice_basic_black":2,"casinocraft:module_card_gray":2,"minecraft:slime_ball":1,"minecraft:flint_and_steel":1},"minecraft:used":{"create:handheld_worldshaper":16,"minecraft:flint_and_steel":19,"neapolitan:small_banana_frond":3,"tconstruct:earth_slime_sapling":1,"neapolitan:large_banana_frond":5,"neapolitan:banana_frond":3,"casinocraft:dice_basic_black":1,"minecraft:bedrock":1,"tconstruct:sky_slime_dirt":7},"minecraft:custom":{"minecraft:time_since_rest":41081,"minecraft:sprint_one_cm":18136,"minecraft:damage_taken":65,"minecraft:walk_one_cm":39399,"minecraft:drop":8,"minecraft:damage_dealt":107,"minecraft:swim_one_cm":22973,"minecraft:fly_one_cm":30855,"minecraft:crouch_one_cm":5801,"minecraft:play_one_minute":41081,"minecraft:sneak_time":2384,"minecraft:walk_under_water_one_cm":3083,"minecraft:jump":179,"minecraft:walk_on_water_one_cm":2433,"minecraft:time_since_death":41081,"minecraft:fall_one_cm":5929}},"DataVersion":2586}