{"stats":{"minecraft:mined":{"minecraft:large_fern":1,"neapolitan:small_banana_frond":3,"minecraft:fire":4,"tconstruct:earth_sky_slime_grass":2,"tconstruct:greenheart_log":1,"neapolitan:banana_frond":3,"tconstruct:earth_slime_leaves":23,"neapolitan:large_banana_frond":5,"minecraft:spruce_leaves":1,"tconstruct:sky_slime_dirt":7},"minecraft:picked_up":{"neapolitan:small_banana_frond":3,"create:handheld_worldshaper":1,"tconstruct:sky_slime_dirt":9,"casinocraft:module_card_gray":2,"create:extendo_grip":1,"minecraft:flint_and_steel":1,"neapolitan:banana_frond":3,"minecraft:slime_ball":1,"minecraft:iron_nugget":128,"neapolitan:large_banana_frond":5,"tconstruct:earth_slime_sapling":1,"casinocraft:dice_basic_black":2},"minecraft:dropped":{"tconstruct:sky_slime_dirt":2,"casinocraft:dice_basic_black":2,"casinocraft:module_card_gray":2,"minecraft:slime_ball":1,"minecraft:flint_and_steel":1},"minecraft:used":{"create:handheld_worldshaper":4,"minecraft:flint_and_steel":19,"neapolitan:small_banana_frond":3,"tconstruct:earth_slime_sapling":1,"neapolitan:large_banana_frond":5,"neapolitan:banana_frond":3,"tconstruct:sky_slime_dirt":7},"minecraft:custom":{"minecraft:time_since_rest":29081,"minecraft:sprint_one_cm":14423,"minecraft:damage_taken":45,"minecraft:walk_one_cm":27402,"minecraft:drop":7,"minecraft:damage_dealt":67,"minecraft:swim_one_cm":22973,"minecraft:fly_one_cm":18727,"minecraft:crouch_one_cm":4534,"minecraft:play_one_minute":29081,"minecraft:sneak_time":1701,"minecraft:walk_under_water_one_cm":3083,"minecraft:jump":99,"minecraft:walk_on_water_one_cm":2433,"minecraft:time_since_death":29081,"minecraft:fall_one_cm":2148}},"DataVersion":2586}