{"stats":{"minecraft:mined":{"tconstruct:earth_slime_fern":1,"tconstruct:earth_sky_slime_grass":3},"minecraft:picked_up":{"tconstruct:sky_slime_dirt":3,"minecraft:iron_nugget":147},"minecraft:dropped":{"minecraft:iron_nugget":147},"minecraft:used":{"tconstruct:sky_slime_dirt":3},"minecraft:custom":{"minecraft:jump":105,"minecraft:leave_game":1,"minecraft:time_since_rest":6796,"minecraft:damage_dealt":65,"minecraft:crouch_one_cm":550,"minecraft:play_one_minute":6796,"minecraft:walk_on_water_one_cm":2067,"minecraft:sprint_one_cm":3497,"minecraft:damage_taken":121,"minecraft:time_since_death":6796,"minecraft:walk_one_cm":13480,"minecraft:sneak_time":138,"minecraft:walk_under_water_one_cm":5507,"minecraft:drop":5,"minecraft:swim_one_cm":2214,"minecraft:fall_one_cm":952,"minecraft:fly_one_cm":8716}},"DataVersion":2586}