{"stats":{"minecraft:mined":{"minecraft:grass_block":1},"minecraft:picked_up":{"casinocraft:module_card_gray":1,"casinocraft:dice_basic_black":1,"minecraft:dirt":1},"minecraft:dropped":{"create:handheld_worldshaper":1,"minecraft:iron_nugget":64,"create:extendo_grip":1},"minecraft:used":{"casinocraft:dice_basic_black":4,"minecraft:dirt":1,"create:shaft":6,"create:cogwheel":3,"casinocraft:cardtable_wide_lime":2},"minecraft:custom":{"minecraft:time_since_rest":17726,"minecraft:play_one_minute":17726,"minecraft:crouch_one_cm":183,"minecraft:sprint_one_cm":3759,"minecraft:walk_one_cm":10068,"minecraft:sneak_time":278,"minecraft:walk_under_water_one_cm":9122,"minecraft:drop":3,"minecraft:jump":32,"minecraft:damage_dealt":9,"minecraft:leave_game":3,"minecraft:time_since_death":17726,"minecraft:walk_on_water_one_cm":3368,"minecraft:fly_one_cm":88809}},"DataVersion":2586}