{"stats":{"minecraft:mined":{"minecraft:grass_block":1},"minecraft:picked_up":{"casinocraft:module_card_gray":2,"casinocraft:dice_basic_black":2,"minecraft:dirt":1},"minecraft:dropped":{"create:handheld_worldshaper":1,"minecraft:iron_nugget":128,"create:extendo_grip":1,"minecraft:flint_and_steel":1},"minecraft:used":{"casinocraft:dice_basic_black":4,"minecraft:dirt":1,"create:shaft":6,"create:cogwheel":3,"casinocraft:cardtable_wide_lime":3},"minecraft:custom":{"minecraft:time_since_rest":29726,"minecraft:play_one_minute":29726,"minecraft:crouch_one_cm":186,"minecraft:sprint_one_cm":3759,"minecraft:walk_one_cm":15994,"minecraft:sneak_time":301,"minecraft:walk_under_water_one_cm":9122,"minecraft:drop":5,"minecraft:jump":40,"minecraft:damage_dealt":9,"minecraft:leave_game":3,"minecraft:time_since_death":29726,"minecraft:walk_on_water_one_cm":3368,"minecraft:fly_one_cm":88809}},"DataVersion":2586}