{"stats":{"minecraft:mined":{"minecraft:grass_block":1},"minecraft:picked_up":{"minecraft:dirt":1},"minecraft:used":{"minecraft:dirt":1},"minecraft:custom":{"minecraft:jump":29,"minecraft:time_since_rest":5726,"minecraft:crouch_one_cm":146,"minecraft:play_one_minute":5726,"minecraft:leave_game":3,"minecraft:sprint_one_cm":3759,"minecraft:walk_on_water_one_cm":2182,"minecraft:time_since_death":5726,"minecraft:walk_one_cm":6790,"minecraft:sneak_time":226,"minecraft:walk_under_water_one_cm":7746,"minecraft:fly_one_cm":88260}},"DataVersion":2586}