{
  "tconstruct:tools/materials_and_you": {
    "criteria": {
      "crafted_book": "2024-09-17 23:54:17 +0000"
    },
    "done": true
  },
  "minecraft:recipes/transportation/acacia_boat": {
    "criteria": {
      "in_water": "2024-09-17 23:57:17 +0000"
    },
    "done": true
  },
  "minecraft:recipes/transportation/oak_boat": {
    "criteria": {
      "in_water": "2024-09-17 23:57:17 +0000"
    },
    "done": true
  },
  "create:root": {
    "criteria": {
      "0": "2024-09-17 23:54:17 +0000"
    },
    "done": true
  },
  "minecraft:recipes/transportation/dark_oak_boat": {
    "criteria": {
      "in_water": "2024-09-17 23:57:17 +0000"
    },
    "done": true
  },
  "minecraft:recipes/transportation/birch_boat": {
    "criteria": {
      "in_water": "2024-09-17 23:57:17 +0000"
    },
    "done": true
  },
  "mowziesmobs:root": {
    "criteria": {
      "custom_test_name": "2024-09-17 23:54:17 +0000"
    },
    "done": true
  },
  "minecraft:recipes/transportation/jungle_boat": {
    "criteria": {
      "in_water": "2024-09-17 23:57:17 +0000"
    },
    "done": true
  },
  "minecraft:recipes/transportation/spruce_boat": {
    "criteria": {
      "in_water": "2024-09-17 23:57:17 +0000"
    },
    "done": true
  },
  "minecraft:adventure/adventuring_time": {
    "criteria": {
      "minecraft:taiga": "2024-09-17 23:54:17 +0000",
      "minecraft:beach": "2024-09-17 23:55:56 +0000",
      "minecraft:river": "2024-09-17 23:58:12 +0000",
      "minecraft:cold_ocean": "2024-09-17 23:57:21 +0000"
    },
    "done": false
  },
  "DataVersion": 2586
}